2018-09-25 13:29 ~ juulenargentina ~ 8544322847,
2018-09-25 13:30 ~ leavenworthcoughyinc ~ 2258611914,
2018-09-25 13:30 ~ 2girlz1bowl ~ 1964586386,
2018-09-25 13:30 ~ weedarmy.420 ~ 7559008508,
2018-09-25 13:31 ~ vojglass ~ 324018919,
2018-09-25 13:31 ~ moskalyan_prospektmira ~ 5417824349,
2018-09-25 13:32 ~ freiraumhannover ~ 4516639861,
2018-09-25 13:32 ~ aminabaadi ~ 3162137649,
2018-09-25 13:33 ~ cigaronne.world ~ 8101942483,
2018-09-25 13:33 ~ cs_photo_artist ~ 1336312520,
2018-09-25 13:33 ~ clouty_cultivators ~ 8526960920,
2018-09-25 13:34 ~ 1905paris ~ 6235655476,
2018-09-25 13:34 ~ ex.tractor ~ 8472728591,
2018-09-25 13:35 ~ chemalishisha ~ 2897719971,
2018-09-25 13:35 ~ soulscry666 ~ 3081735310,
2018-09-25 13:36 ~ baked.kales ~ 8174364915,
2018-09-25 13:36 ~ maryjanes.models ~ 8008531996,
2018-09-25 13:37 ~ ziggipapers ~ 267494884,
2018-09-25 13:37 ~ ganjandglass ~ 8074861323,
2018-09-25 13:38 ~ honeybaby_2015 ~ 242584500,
2018-09-25 13:39 ~ opusorganics ~ 5557800847,
2018-09-25 13:39 ~ magicaleuropeblog ~ 8162432076,
2018-09-25 13:40 ~ crecergreenlabs ~ 4548138649,
2018-09-25 13:40 ~ 420princesspothead ~ 8232795168,
2018-09-25 13:41 ~ lyftedextractsla ~ 8318788351,
2018-09-25 13:41 ~ angelicagillholm ~ 42465050,
2018-09-25 13:42 ~ globgoddess420_ ~ 7805617074,
2018-09-25 13:43 ~ onehitoneda ~ 5918977717,
2018-09-25 13:43 ~ stonedlilalien ~ 4545022919,
2018-09-25 13:44 ~ metuchensmokeshopnj ~ 7739122738,
2018-09-25 13:44 ~ dr_kushblunt ~ 8167069331,
2018-09-25 13:45 ~ sydney_slabs ~ 199388407,
2018-09-25 13:46 ~ sirsmokealot_az ~ 7313309256,
2018-09-25 13:46 ~ mysteryinc_shaggy ~ 8014253313,
2018-09-25 13:47 ~ greazygreenz ~ 187244540,
2018-09-25 14:01 ~ shopcannabella ~ 1432133606,
2018-09-25 14:02 ~ zoenails6 ~ 4927050956,
2018-09-25 14:02 ~ i.jinxy ~ 1977754793,
2018-09-25 14:03 ~ rochiprimcas ~ 1103882094,
2018-09-25 14:05 ~ sorayamagnetism ~ 8295449770,
2018-09-25 14:05 ~ juni_zwilling ~ 3605185334,
2018-09-25 14:06 ~ hurricane33zero ~ 4867040419,
2018-09-25 14:06 ~ groshop_sarl ~ 8376903501,
2018-09-25 14:06 ~ otw420 ~ 3149170717,
2018-09-25 14:07 ~ ukbudbrothers ~ 8242828295,
2018-09-25 14:07 ~ soulful.bowls ~ 4532060302,
2018-09-25 14:08 ~ bayarea420network ~ 4908816157,
2018-09-25 14:08 ~ paramountimports ~ 1510427118,
2018-09-25 14:08 ~ nancy_botwyn420 ~ 8145529908,
2018-09-25 14:09 ~ syarneel ~ 6131938653,
2018-09-25 14:10 ~ missyvapes ~ 2112503347,
2018-09-25 14:10 ~ mj_smokeshop ~ 8576591893,
2018-09-25 14:11 ~ mr_redziert ~ 2136012353,
2018-09-25 14:12 ~ puff.passion ~ 7978123600,
2018-09-25 14:12 ~ flowerhousegenetics ~ 5868114690,
2018-09-25 14:13 ~ _theveganrose_ ~ 6939380496,
2018-09-25 14:13 ~ honeybomberdesigns ~ 5515114550,
2018-09-25 14:14 ~ mrs_zkittlez_ ~ 55849542,
2018-09-25 14:14 ~ mellow420mom ~ 8529110643,
2018-09-25 14:15 ~ o.g_pennylane ~ 7908031451,
2018-09-25 14:15 ~ 420greenparadise ~ 7855456347,
2018-09-25 14:16 ~ demdanknugz ~ 7579495821,
2018-09-25 14:16 ~ tryhard19882011 ~ 7095654825,
2018-09-25 14:17 ~ schoob.tha.stoner27 ~ 2044772816,
2018-09-25 14:18 ~ brilliantly_pure ~ 1473335980,
2018-09-25 14:19 ~ electrostonerbuds ~ 8624143815,
2018-09-25 14:20 ~ findjoyintheordinary ~ 5480398373,
2018-09-25 14:21 ~ lord_zuko_the_firebender ~ 3268404866,
2018-09-25 14:21 ~ panda.tokess ~ 8485590258,
2018-09-25 14:21 ~ cannabiswrld_ ~ 6020999766,
2018-09-25 14:22 ~ legendaryremedies_ceo ~ 2897600361,
2018-09-25 14:22 ~ cecepotttt ~ 7002661490,
2018-09-25 14:23 ~ bees_gardens_co ~ 8134719652,
2018-09-25 14:23 ~ 210sfarms ~ 5507290998,
2018-09-25 23:28 ~ darrellschultz420 ~ 8622773345,
2018-09-25 23:28 ~ kindbuffal0 ~ 3684705012,
2018-09-25 23:28 ~ crazy_green_grass ~ 4816509289,
2018-09-25 23:29 ~ puffingmama ~ 3150239558,
2018-09-25 23:29 ~ stellar710 ~ 1708411842,
2018-09-25 23:30 ~ roundtableselections ~ 1933405548,
2018-09-25 23:30 ~ blazed_bunny95 ~ 6810352925,
2018-09-25 23:30 ~ dragon_lungss ~ 6199126992,
2018-09-25 23:31 ~ lebalove ~ 262311038,
2018-09-25 23:31 ~ kushycat420 ~ 8505657551,
2018-09-25 23:32 ~ cannaology617 ~ 6082965585,
2018-09-25 23:32 ~ greenqueenonlydank ~ 8631484946,
2018-09-25 23:33 ~ livinweedy ~ 3648501052,
2018-09-25 23:34 ~ lovindatreez_ ~ 8566779780,
2018-09-25 23:34 ~ thecannabisconnoisseursclub ~ 2281335277,
2018-09-25 23:35 ~ southsidememess ~ 8500478334,
2018-09-25 23:35 ~ welovetagz ~ 7665256687,
2018-09-25 23:35 ~ stompdownkilla666 ~ 8598315969,
2018-09-25 23:36 ~ 420kaosdistrojakarta ~ 6839841351,
2018-09-25 23:36 ~ panic.grp ~ 8285664139,
2018-09-25 23:37 ~ weed_del_bueno ~ 7595949704,
2018-09-25 23:38 ~ clipper_crazy ~ 2377686152,
2018-09-25 23:38 ~ craftedglobal ~ 4573679252,
2018-09-25 23:39 ~ dimension_420 ~ 3200651461,
2018-09-25 23:39 ~ rickycrafted ~ 7626560426,
2018-09-25 23:40 ~ thehempcompanyottawa ~ 6853833277,
2018-09-25 23:40 ~ weed_mafia ~ 3704664336,
2018-09-25 23:40 ~ higheraesthetic ~ 6853886861,
2018-09-25 23:42 ~ hempbunnyco ~ 5525393362,
2018-09-25 23:44 ~ chron_don_grows ~ 5692851822,
2018-09-25 23:44 ~ higher.standards420 ~ 5378986033,
2018-09-25 23:44 ~ weetonlinestoreworldwhite ~ 8604950051,
2018-09-25 23:45 ~ alicexjewell ~ 6163523679,
2018-09-25 23:45 ~ kush.faerie ~ 5452261527,
2018-09-25 23:46 ~ young.wild_nd_free ~ 5725343918,
2018-09-25 23:49 ~ weed_13_kush_ ~ 8633681071,
2018-09-25 23:49 ~ albert_cruze1 ~ 9010028158,
2018-09-25 23:51 ~ mr_swed420 ~ 8443404646,
2018-09-25 23:51 ~ purplelambov12 ~ 7473801564,
2018-09-26 00:03 ~ hippiemoo ~ 8533643567,
2018-09-26 00:03 ~ window_lights ~ 5607321226,
2018-09-26 00:04 ~ secretstonerstl ~ 8218909833,
2018-09-26 00:04 ~ doyleguitars ~ 465064175,
2018-09-26 00:05 ~ getstokesofficial ~ 1710319477,
2018-09-26 00:06 ~ kushmagazine ~ 7325390239,
2018-09-26 00:06 ~ kronic101 ~ 8571012037,
2018-09-26 00:06 ~ bluehigh020 ~ 1645818715,
2018-09-26 00:07 ~ blazervibes ~ 7335170334,
2018-09-26 00:07 ~ dtpgofficial ~ 7429260231,
2018-09-26 00:08 ~ dividerpro ~ 1528867846,
2018-09-26 00:22 ~ hempjoystore ~ 8597897070,
2018-09-26 00:24 ~ istefhanie ~ 1224376083,
2018-09-26 00:26 ~ weed_altagracia ~ 7962985895,
2018-09-26 00:30 ~ itsabudifulday ~ 240376491,
2018-09-26 00:31 ~ mundo_noia_420 ~ 8569768046,
2018-09-26 09:38 ~ lincolnduende ~ 1517463928,
2018-09-26 09:40 ~ dublanek ~ 8436956229,
2018-09-26 09:41 ~ enjoy_cannabis ~ 8556052603,
2018-09-26 09:46 ~ shakira.dazodiak ~ 3473757283,
2018-09-26 09:50 ~ cali.b2u ~ 8917909268,
2018-09-26 09:52 ~ the.cbd.king ~ 8550131551,
2018-09-26 09:54 ~ highsenherbs ~ 2246317699,
2018-09-26 09:55 ~ davellanet ~ 21967237,
2018-09-26 09:58 ~ clood710 ~ 3188641945,
2018-09-26 09:59 ~ marijulana ~ 312076115,
2018-09-26 10:01 ~ rawsta_life ~ 8571946699,
2018-09-26 10:03 ~ wedd.trip.space_420 ~ 1806193035,
2018-09-26 10:04 ~ apachequeando ~ 8437673227,
2018-09-26 10:05 ~ sarah.cbdvape_factorysales ~ 5985725003,
2018-09-26 10:09 ~ rasta.armia ~ 7415036770,
2018-09-26 10:12 ~ sarah.1love.1nation ~ 7980633599,
2018-09-26 10:14 ~ hype2overdose ~ 8955804769,
2018-09-26 10:16 ~ highlife_blazin0g ~ 4471994861,
2018-09-26 10:18 ~ greencrackdaily ~ 8366687701,
2018-09-26 10:20 ~ heycmi_ ~ 8177238418,
2018-09-26 10:21 ~ ladytreedom ~ 8542565703,
2018-09-26 10:23 ~ squishiepix ~ 8002025434,
2018-09-26 10:25 ~ domka.design ~ 3006877341,
2018-09-26 10:26 ~ 35murat6464 ~ 334866003,
2018-09-26 11:08 ~ italian_connect_24_7 ~ 8612399361,
2018-09-26 11:10 ~ chris130789 ~ 1652363852,
2018-09-26 11:15 ~ javamostro ~ 1173285942,
2018-09-26 11:17 ~ dwarvenpipes ~ 8493099413,
2018-09-26 11:19 ~ marijuana.dead ~ 6906185848,
2018-09-26 11:21 ~ medicatedmarcus ~ 4342117399,
2018-09-26 11:22 ~ caligrowkits ~ 4236899085,
2018-09-26 11:24 ~ parodime710 ~ 6802022387,
2018-09-26 11:25 ~ vayea.cbd.thc_cartridge ~ 8429698961,
2018-09-26 11:27 ~ rowntr33z ~ 387377533,
2018-09-26 12:03 ~ muhengyo ~ 581907865,
2018-09-26 12:04 ~ marine_alchimie ~ 3678270913,
2018-09-26 12:06 ~ shatterboxenail ~ 5809456062,
2018-09-26 12:08 ~ the_ethnic_storee ~ 8513888083,
2018-09-26 12:09 ~ vishnu_.viswanath ~ 5497639900,
2018-09-26 12:11 ~ bobbycrayphotography ~ 2021028790,
2018-09-26 12:13 ~ blackmamba_1992 ~ 2109354715,
2018-09-26 12:14 ~ rae.thebeautystl ~ 711195006,
2018-09-26 12:15 ~ shishapassion17 ~ 6849622071,
2018-09-26 12:17 ~ myata_polyanka ~ 8087270865,
2018-09-26 12:18 ~ flowersforhan ~ 5380124104,
2018-09-26 12:20 ~ dhuaanfest ~ 6683838480,
2018-09-26 12:21 ~ unleashsound ~ 8552443170,
2018-09-26 12:23 ~ tabacaria_fam ~ 7449841307,
2018-09-26 13:17 ~ weed_iga ~ 8628712459,
2018-09-26 13:19 ~ thatmedicatedgirl ~ 6136136093,
2018-09-26 13:20 ~ kronic_care ~ 8947724218,
2018-09-26 13:22 ~ hookahplace_tlt ~ 3987425258,
2018-09-26 13:24 ~ kalyani_akvareli ~ 4715414737,
2018-09-26 13:25 ~ joyhookah.dp ~ 6951162208,
2018-09-26 13:26 ~ cuba.gtn ~ 2132102715,
2018-09-26 13:27 ~ romanenko_hookahmaster1 ~ 5437856851,
2018-09-26 13:29 ~ gia_mas_restaurant ~ 7928683815,
2018-09-26 13:31 ~ janelyfe ~ 6973015413,
2018-09-26 13:33 ~ iwantmypineapple ~ 4946015221,
2018-09-26 13:34 ~ viralbeatss ~ 8624423188,
2018-09-26 13:36 ~ lifevibegaze ~ 8151770269,
2018-09-26 13:37 ~ mintowana ~ 5414558053,
2018-09-26 13:40 ~ emeraldskyway ~ 6896449292,
2018-09-26 14:07 ~ seacoaststashbox ~ 4171792666,
2018-09-26 22:42 ~ pbmg_bigtee ~ 5960518654,
2018-09-26 22:50 ~ ocorybaxter ~ 975914763,
2018-09-26 22:55 ~ whoisryanp ~ 1311445518,
2018-09-26 22:56 ~ argilehcigarlounge ~ 5822710944,
2018-09-26 22:58 ~ tabacariasahara ~ 5194027439,
2018-09-26 22:59 ~ tygra_babespromo ~ 8461809087,
2018-09-26 23:00 ~ tygra09 ~ 1696383303,
2018-09-26 23:02 ~ tygra19 ~ 189695446,
2018-09-26 23:03 ~ hec9326 ~ 8627731896,
2018-09-26 23:05 ~ matheusleandro_oficial ~ 5767052545,
2018-09-26 23:07 ~ drug.dyma.stav ~ 7302269692,
2018-09-26 23:08 ~ sh.neaaky ~ 3575218134,
2018-09-26 23:10 ~ geo_ceo ~ 237934593,
2018-09-26 23:11 ~ hookahboyzla ~ 8264189548,
2018-09-26 23:13 ~ greenhands1234 ~ 5319601205,
2018-09-26 23:15 ~ kingcobraconcentrates ~ 7229936103,
2018-09-26 23:17 ~ mohighwithmarley ~ 8519612454,
2018-09-26 23:18 ~ mac.glass ~ 5392772313,
2018-09-26 23:20 ~ kylaleelawyer ~ 2990953808,
2018-09-26 23:21 ~ project422 ~ 7341014442,
2018-09-26 23:23 ~ highlife_design ~ 6543073757,
2018-09-26 23:24 ~ loloenterprises ~ 1119164127,
2018-09-27 00:02 ~ fifteendigitz ~ 5876406360,
2018-09-27 00:04 ~ rizagreen ~ 8022251231,
2018-09-27 00:05 ~ rosinjunky ~ 5995464415,
2018-09-27 00:07 ~ tonasketthunder ~ 8611448635,
2018-09-27 00:08 ~ mymedpics ~ 8271202717,
2018-09-27 00:09 ~ thegabri3l ~ 2089944398,
2018-09-27 00:11 ~ packqueen_ ~ 8565429529,
2018-09-27 00:12 ~ urbanhippies ~ 8018028606,
2018-09-27 00:14 ~ itrim_calibuds ~ 3309350123,
2018-09-27 00:15 ~ redpilled_mike ~ 8304706568,
2018-09-27 00:17 ~ dalethomas5150 ~ 2846122928,
2018-09-27 00:18 ~ blumftable ~ 7541855764,
2018-09-27 00:20 ~ iamazingmemes ~ 8629773891,
2018-09-27 00:21 ~ sinisterbudbaron ~ 8175891448,
2018-09-27 00:23 ~ save_the_clocktow3r ~ 7186107584,
2018-09-27 11:38 ~ dutchie420x ~ 1350021947,
2018-09-27 11:39 ~ akillart ~ 1382419792,
2018-09-27 11:41 ~ mallorypringle ~ 522082511,
2018-09-27 11:43 ~ bear.stoned ~ 5685557122,
2018-09-27 11:44 ~ rosinrancher ~ 1972650919,
2018-09-27 11:45 ~ spazticstoner ~ 32346385,
2018-09-27 11:47 ~ beyonce_bowls ~ 1499409318,
2018-09-27 11:49 ~ rossir6 ~ 1360932859,
2018-09-27 11:53 ~ union710_clothing ~ 1417855780,
2018-09-27 11:55 ~ dabstonian ~ 8608916572,
2018-09-27 11:57 ~ toilet.meme ~ 8623690807,
2018-09-27 11:57 ~ weedvolao ~ 8607597220,
2018-09-27 11:59 ~ piotrsidorowicz ~ 1324074253,
2018-09-27 12:01 ~ roundthr33 ~ 5869735825,
2018-09-27 12:02 ~ wf4lwraps ~ 8310228200,
2018-09-27 12:03 ~ cameoatvalparty ~ 5342935,
2018-09-27 12:05 ~ blackwidow_420 ~ 8621361636,
2018-09-27 12:06 ~ weuponitdotcom1 ~ 4241005744,
2018-09-27 12:07 ~ buddiesheadshop ~ 5431503117,
2018-09-27 12:09 ~ jaggerjack.sw ~ 5495801966,
2018-09-27 12:11 ~ blunt.gypsy ~ 8364051990,
2018-09-27 12:13 ~ maryjuaniita ~ 8496184403,
2018-09-27 12:14 ~ rcsurf1 ~ 9006380263,
2018-09-27 12:16 ~ ariesartnw ~ 1407669704,
2018-09-27 12:17 ~ davidcostaa_ ~ 631825251,
2018-09-27 12:19 ~ jessrozelle.kushbottles ~ 6303006206,
2018-09-27 12:21 ~ tabacariasmart ~ 6033623436,
2018-09-27 12:22 ~ or4ata ~ 8515323284,
2018-09-27 12:23 ~ rocknrollitwilliamsway ~ 5481401363,
2018-09-27 12:25 ~ deltahookah ~ 7118242220,
2018-09-27 13:10 ~ baiertim ~ 2357510374,
2018-09-27 13:11 ~ yokohamaroyalsmoke ~ 1000171528,
2018-09-27 13:12 ~ jose_rs85 ~ 1965577986,
2018-09-27 13:14 ~ n8_lounge ~ 6757786330,
2018-09-27 13:16 ~ cafe.vegas.vienna ~ 8491854687,
2018-09-27 13:17 ~ saraykahvesikultur ~ 4680549171,
2018-09-27 13:19 ~ samukilondon ~ 1384420400,
2018-09-27 13:21 ~ salondetealyabal ~ 2261060412,
2018-09-27 13:22 ~ kahvederyasiserdivan ~ 4741300054,
2018-09-27 13:24 ~ ninarooneyhair ~ 38474020,
2018-09-27 13:25 ~ alexander__winter ~ 3826314491,
2018-09-27 13:26 ~ muzesocialhouse ~ 8200922928,
2018-09-27 13:29 ~ hookah_colors ~ 6066375439,
2018-09-27 13:31 ~ garage_bar_vld ~ 8128455783,
2018-09-27 13:32 ~ serebrokaraoke ~ 5485646504,
2018-09-27 14:08 ~ tuman_vol ~ 5967478401,
2018-09-27 14:10 ~ banka_vo ~ 7932701614,
2018-09-27 14:11 ~ shaxmat161 ~ 1591885831,
2018-09-27 14:12 ~ elcapo_kiev ~ 8468891044,
2018-09-27 14:14 ~ __ksi.2001.1992__ ~ 313944849,
2018-09-27 14:16 ~ free_zone_krasnoturinsk ~ 8618357378,
2018-09-27 14:18 ~ vape_smoke_shisha ~ 3669593106,
2018-09-27 14:20 ~ black_beard_estal ~ 4864025397,
2018-09-27 14:23 ~ meftunizm ~ 8634410959,
2018-09-27 20:02 ~ promotionsdmv ~ 4472967046,
2018-09-27 20:04 ~ hookahbrotherup ~ 8184599227,
2018-09-27 20:06 ~ frozen_courage ~ 26535240,
2018-09-27 20:07 ~ angelpromotion1 ~ 186934780,
2018-09-27 20:08 ~ fairouzhookahlounge ~ 8551192732,
2018-09-27 20:10 ~ narguiledobrasil ~ 1652138479,
2018-09-27 20:12 ~ demashqcafe ~ 7744622341,
2018-09-27 20:15 ~ alabartolainc ~ 8186166416,
2018-09-27 20:17 ~ smokekingsqbbx ~ 8597619306,
2018-09-27 20:18 ~ stonedlist ~ 203234514,
2018-09-27 20:20 ~ rorshaq_the_anarchist ~ 304502539,
2018-09-27 20:21 ~ weedible420 ~ 8470506384,
2018-09-27 20:22 ~ rpgstoned ~ 43207599,
2018-09-27 20:24 ~ terpntime508 ~ 8365859069,
2018-09-27 20:25 ~ haze_mary420 ~ 8529865206,
2018-09-27 20:27 ~ fresno_dab_house ~ 8609771230,
2018-09-27 20:28 ~ birulieta ~ 1144077611,
2018-09-27 20:29 ~ gpenmalaysia ~ 8635228465,
2018-09-27 21:03 ~ _k.420 ~ 374436495,
2018-09-27 21:05 ~ mexican420grower ~ 1811335616,
2018-09-27 21:06 ~ prehistoric_genetics ~ 971105095,
2018-09-27 21:08 ~ nugs0fsandwell ~ 4776743905,
2018-09-27 21:09 ~ boodabizkitz ~ 6175333405,
2018-09-27 21:11 ~ cannarocker ~ 1547457833,
2018-09-27 21:12 ~ blazeitondelivery ~ 8009283093,
2018-09-27 21:14 ~ theebadwolfe ~ 217040329,
2018-09-27 21:15 ~ cuatroveinteindoor ~ 3958844856,
2018-09-27 21:16 ~ jbsfulfillment ~ 8504970489,
2018-09-27 21:18 ~ smocannabis ~ 8195992231,
2018-09-27 21:19 ~ 4twenty.seven10 ~ 8347413380,
2018-09-27 21:21 ~ ballmoreone ~ 8175202768,
2018-09-27 21:22 ~ foreverhigherthanhigh710 ~ 8627366346,
2018-09-27 21:24 ~ gypsybuttonvintage ~ 8446374073,
2018-09-27 21:28 ~ massbudconnect_ ~ 8472467796,
2018-09-27 21:29 ~ rv_ism ~ 391901149,
2018-09-27 22:08 ~ truehallucinationsclothing ~ 7768617223,
2018-09-27 22:10 ~ jeremywalkwitz ~ 4118789172,
2018-09-27 22:12 ~ sincityexotixx ~ 955469734,
2018-09-27 22:13 ~ budcofarms ~ 2133544090,
2018-09-27 22:19 ~ dope_trays ~ 8610641549,
2018-09-27 22:20 ~ dabbin.pey ~ 19441637,
2018-09-27 22:22 ~ radiffkushman ~ 4255362730,
2018-09-27 22:24 ~ kosherfarm ~ 7744164389,
2018-09-27 22:28 ~ kickznkush_6ix ~ 8125876543,
2018-09-27 22:29 ~ perfect_pass_420 ~ 8358365826,
2018-09-27 22:33 ~ maniloyar ~ 8632630750,
2018-09-27 22:37 ~ thefrostyfew ~ 7292617650,
2018-09-27 23:09 ~ kushprincessjasmine ~ 2264185240,
2018-09-27 23:11 ~ high5iveclub ~ 4702763578,
2018-09-27 23:13 ~ elemental_glass ~ 5405159393,
2018-09-27 23:14 ~ goldcrown.losangeles ~ 8499493092,
2018-09-27 23:17 ~ ladyandherbong ~ 6326894344,
2018-09-27 23:18 ~ mistah_spacely ~ 1395631200,
2018-09-27 23:20 ~ keepitglassy ~ 229561504,
2018-09-27 23:21 ~ canna_canabuds ~ 5975122660,
2018-09-27 23:24 ~ savardskvlll_420 ~ 18642001,
2018-09-27 23:26 ~ lovelydata420 ~ 255433174,
2018-09-27 23:28 ~ sabrina_rose_lewis ~ 272018967,
2018-09-27 23:29 ~ lancel_baddums ~ 2095951218,
2018-09-27 23:30 ~ calcifer_420 ~ 2008818568,
2018-09-27 23:32 ~ cydnqueers ~ 8509613875,
2018-09-28 00:06 ~ ganjaindian ~ 7795783479,
2018-09-28 00:07 ~ grim_reefer_farms ~ 2877922216,
2018-09-28 00:08 ~ lewissebiya ~ 8370102668,
2018-09-28 00:10 ~ vancityskush ~ 7380102832,
2018-09-28 00:11 ~ blackplagueproductions ~ 1485162343,
2018-09-28 00:13 ~ enkushados420 ~ 8592810514,
2018-09-28 12:28 ~ njvapemeds ~ 7499151394,
2018-09-28 12:30 ~ samuel.ochoa.a ~ 1976507516,
2018-09-28 13:13 ~ saltyhippieprincess ~ 616507957,
2018-09-28 13:18 ~ yodaatemycat ~ 6950443707,
2018-09-28 13:20 ~ radyelgallo ~ 1746010405,
2018-09-28 13:21 ~ weedywoods ~ 4184542343,
2018-09-28 13:23 ~ kush.energy ~ 8615620060,
2018-09-28 13:25 ~ 420._babe ~ 7692562881,
2018-09-28 13:27 ~ she_rock420 ~ 7599125959,
2018-09-28 13:28 ~ cloudmunchies420 ~ 4150004663,
2018-09-28 13:33 ~ oxdankbank ~ 7537713867,
2018-09-28 13:35 ~ babydoll8527 ~ 227659318,
2018-09-28 13:37 ~ el_fuckin_tigre ~ 2335500374,
2018-09-28 13:39 ~ nhacoma_011 ~ 6677839559,
2018-09-28 13:40 ~ chilecultivaoficial ~ 8412205678,
2018-09-28 13:42 ~ cat_von_dick ~ 386613122,
2018-09-28 13:44 ~ jacobranta ~ 7807103695,
2018-09-28 13:45 ~ dr.thc._ ~ 8225173435,
2018-09-28 13:46 ~ mother_fucker_you_love_to_hate ~ 365059935,
2018-09-28 14:04 ~ aro.chomsky ~ 1794032655,
2018-09-28 14:08 ~ borocollectors ~ 8089925728,
2018-09-28 14:10 ~ notamarijuanapage ~ 7293433105,
2018-09-28 14:11 ~ logiiee_beaar420 ~ 3062509901,
2018-09-28 14:13 ~ stonedinshades ~ 2018117056,
2018-09-28 14:15 ~ txj713 ~ 31038233,
2018-09-28 14:21 ~ stonedandcurvy ~ 4087316994,
2018-09-28 14:22 ~ piffbunner9000 ~ 8197281250,
2018-09-28 14:25 ~ mmprontheeastcoast ~ 3637488545,
2018-09-28 14:30 ~ joel_keygrow ~ 6744574589,
2018-09-28 14:31 ~ joannimal_ ~ 2231046596,
2018-09-28 14:32 ~ ophyslife ~ 3140045045,
2018-09-28 15:52 ~ hookahtlt ~ 8643831088,
2018-09-28 15:53 ~ sports_bar_tortuga ~ 8571396918,
2018-09-28 15:54 ~ vlad_kharlamoov ~ 3861775571,
2018-09-28 15:55 ~ andarilko ~ 993075846,
2018-09-28 16:00 ~ whitewolf_kzn ~ 8145175330,
2018-09-28 16:01 ~ hookah_catering161 ~ 5398598513,
2018-09-28 16:03 ~ kalyan_sheikh ~ 8379020283,
2018-09-28 16:05 ~ shahta_ekb ~ 7225592335,
2018-09-28 16:06 ~ king_2001vf ~ 8450181457,
2018-09-28 16:07 ~ reggi_red_de ~ 8171134723,
2018-09-28 16:09 ~ fars_art ~ 475469931,
2018-09-28 16:10 ~ tonimontana1102 ~ 4785463962,
2018-09-28 16:11 ~ myznikov_ferro ~ 6269250996,
2018-09-28 16:13 ~ hookahace ~ 2199121018,
2018-09-28 16:15 ~ the_high_photographer ~ 6680443304,
2018-09-28 16:17 ~ truffles_kush_biatch ~ 274535950,
2018-09-28 16:19 ~ weed_land_shop ~ 8640762609,
2018-09-28 16:20 ~ geo_urban_hippie ~ 404822857,
2018-09-28 16:22 ~ tonyortiz14music ~ 8309264287,
2018-09-28 16:23 ~ yescanna ~ 8379952220,
2018-09-28 16:25 ~ reupclub_420_marketplace ~ 6432732159,
2018-09-28 17:20 ~ unasecaporelloco1 ~ 8047348875,
2018-09-28 17:21 ~ illasnaps ~ 7885259835,
2018-09-28 17:23 ~ ambro_yo1 ~ 25475357,
2018-09-28 17:25 ~ peaceloveandharmonyphotography ~ 8365242789,
2018-09-28 17:26 ~ myfavememes420 ~ 8196365624,
2018-09-28 17:28 ~ mothernature661 ~ 8565762187,
2018-09-28 17:30 ~ kelvinspec92 ~ 7945228298,
2018-09-28 17:31 ~ the1sashadiaz ~ 7368062503,
2018-09-28 17:33 ~ 360grow420 ~ 4255793708,
2018-09-28 17:34 ~ heavenscentpharms ~ 2881911605,
2018-09-28 17:35 ~ babybudderfly ~ 7347904382,
2018-09-28 17:37 ~ bigdodge710 ~ 1179991584,
2018-09-28 17:40 ~ fyahja ~ 4687123566,
2018-09-28 17:42 ~ illegal_activities420 ~ 8889252441,
2018-09-28 17:43 ~ theoggfiend ~ 7392050179,
2018-09-28 18:05 ~ wesley_jones45 ~ 8282678410,
2018-09-28 18:08 ~ jo3lr420 ~ 8056793744,
2018-09-28 18:10 ~ thewhitegrowrilla ~ 1940329298,
2018-09-28 18:11 ~ c4distro_eddy ~ 7339848452,
2018-09-28 18:12 ~ fabricio_officiall ~ 1506531140,
2018-09-28 18:14 ~ blazed_n_confuzed ~ 2106626236,
2018-09-28 18:16 ~ yourdailystrain420 ~ 8071509728,
2018-09-28 18:17 ~ reddz_medz ~ 7828141953,
2018-09-28 18:19 ~ 6thstreetvapeandsmoke ~ 1711655226,
2018-09-28 18:20 ~ balaclavaman_710 ~ 7054745391,
2018-09-28 18:22 ~ weedno_1 ~ 6606695264,
2018-09-28 18:23 ~ thaphantum ~ 4469798426,
2018-09-28 18:25 ~ heavensstairways7 ~ 8624638969,
2018-09-28 18:26 ~ niiicoleee_ann ~ 1946534460,
2018-09-28 19:06 ~ lilblunt1620 ~ 8921141017,
2018-09-28 19:08 ~ thecheifin_vegan ~ 6426617857,
2018-09-28 19:09 ~ josgrow ~ 8261164364,
2018-09-28 19:11 ~ forest.ofthe.foxes ~ 1362532944,
2018-09-28 19:12 ~ trippie_land ~ 486641334,
2018-09-28 19:14 ~ bloodwreckwest ~ 4413659538,
2018-09-28 19:15 ~ meducatedvet ~ 8121451106,
2018-09-28 19:17 ~ terpy_trev ~ 8368887277,
2018-09-28 19:19 ~ letsrollup_1 ~ 6264834080,
2018-09-28 19:20 ~ 907_medicinewoman ~ 8632354707,
2018-09-28 19:22 ~ 710_terp_queen ~ 2565748762,
2018-09-28 19:24 ~ royaltree_family_lifestyle ~ 2223554125,
2018-09-28 19:26 ~ belowzeropakalolo ~ 1686493117,
2018-09-28 20:08 ~ lakehouseglass ~ 2282638711,
2018-09-28 20:10 ~ bojan_horseman ~ 2319465097,
2018-09-28 20:12 ~ aurateaandhookah ~ 5832255947,
2018-09-28 20:14 ~ mohammadsabah2709 ~ 5885466962,
2018-09-28 20:18 ~ llokumi_lluginez ~ 3190456641,
2018-09-28 20:31 ~ cjtabacariaoficial ~ 8601032356,
2018-09-28 20:35 ~ just.smook ~ 8503199660,
2018-09-28 20:36 ~ hotpepesoup ~ 2111712193,
2018-09-28 20:37 ~ shisharoyaletobacco ~ 8304905460,
2018-09-28 20:40 ~ just.smook2 ~ 8597471311,
2018-09-29 00:16 ~ reiiling ~ 3541174,
2018-09-29 00:17 ~ aidishisha ~ 8606135432,
2018-09-29 00:19 ~ shirebecca_ ~ 1491618602,
2018-09-29 00:20 ~ warkopgandeng ~ 3011034344,
2018-09-29 00:21 ~ nachtcafe.augsburg ~ 4172436556,
2018-09-29 00:24 ~ hookahrista ~ 3288654968,
2018-09-29 00:26 ~ sid.star ~ 8334678104,
2018-09-29 00:28 ~ tashaphillips6921 ~ 5612351118,
2018-09-29 00:29 ~ gypsy_inhale ~ 7426534875,
2018-09-29 00:31 ~ getbrunch ~ 1191849975,
2018-09-29 00:32 ~ juicelmp ~ 414381963,
2018-09-29 00:37 ~ palmsprings_oasis ~ 8494931482,
2018-09-29 00:39 ~ inova.narga ~ 8346434236,
2018-09-29 01:08 ~ rompe_hookahs ~ 8281583183,
2018-09-29 01:09 ~ boawent ~ 6915404183,
2018-09-29 01:11 ~ b.dat.mc ~ 4314906130,
2018-09-29 01:12 ~ rabbithookahtabacaria ~ 8004831142,
2018-09-29 01:14 ~ ruthlessssssssssss ~ 2068971660,
2018-09-29 01:19 ~ gscups ~ 14685546,
2018-09-29 01:20 ~ eclectic_ladyland_blog ~ 4140025956,
2018-09-29 01:22 ~ ancientcreationsceramics ~ 8096926111,
2018-09-29 01:24 ~ millwoodbbq ~ 7511128108,
2018-09-29 01:28 ~ retnuh.mi ~ 8639547355,
2018-09-29 01:30 ~ xdeadxdollx ~ 8141976631,
2018-09-29 01:31 ~ pabloaltega3663 ~ 6871610873,
2018-09-29 01:33 ~ aster_mims ~ 8153513683,
2018-09-29 01:34 ~ irieheadshop ~ 6431365909,
2018-10-01 11:24 ~ weedscomedy ~ 8545331368,
2018-10-01 11:26 ~ greenwest793 ~ 8505136650,
2018-10-01 11:27 ~ joe_weed9 ~ 9007772023,
2018-10-01 11:28 ~ its_just_taryn ~ 559446958,
2018-10-01 11:29 ~ tabtalia ~ 8299248133,
2018-10-01 11:32 ~ marztcod ~ 7421712479,
2018-10-01 11:34 ~ unwn.volao ~ 8544888679,
2018-10-01 11:35 ~ skinny.skate ~ 3181596954,
2018-10-01 11:37 ~ shaun.865.dickson91 ~ 5371480259,
2018-10-01 11:38 ~ theperkshop ~ 8487390679,
2018-10-01 11:40 ~ memegles ~ 8315871025,
2018-10-01 11:41 ~ cvg_420_fresno ~ 8010742752,
2018-10-01 11:43 ~ rhinoonthemoon ~ 1817712760,
2018-10-01 11:45 ~ master_smokers ~ 8655308903,
2018-10-01 11:47 ~ saintpablo_krd ~ 5949407235,
2018-10-01 11:51 ~ ebottles420 ~ 4338585856,
2018-10-01 11:53 ~ bangs___ ~ 2291432242,
2018-10-01 12:02 ~ laperlagrowshop ~ 4606427562,
2018-10-01 12:04 ~ 2twonine9 ~ 8652339586,
2018-10-01 12:06 ~ highsouthpr ~ 201310699,
2018-10-01 12:08 ~ whiskeymoments ~ 201334342,
2018-10-01 12:09 ~ kingkushgrapegod ~ 5988420136,
2018-10-01 12:11 ~ socialize_baretti_chiaia ~ 6200413766,
2018-10-01 12:13 ~ kit.film ~ 3305089280,
2018-10-01 12:14 ~ official.salmanabbasi ~ 1906069858,
2018-10-01 12:15 ~ euugni ~ 8128592827,
2018-10-01 12:17 ~ america.weed ~ 7591488192,
2018-10-01 12:18 ~ jameshubs ~ 8963341309,
2018-10-01 12:20 ~ wardogcity ~ 9001820806,
2018-10-01 12:22 ~ caelismokeandvape ~ 4356555520,
2018-10-01 12:24 ~ smokin_lion ~ 1709925314,
2018-10-01 12:25 ~ black_out_kzn ~ 8367758720,
2018-10-01 12:26 ~ umutboragokcen.3 ~ 4074623614,
2018-10-01 12:28 ~ jahvell757 ~ 3243326236,
2018-10-01 12:30 ~ legitb757 ~ 6849032509,
2018-10-01 13:05 ~ teteriaversace ~ 4238103544,
2018-10-01 13:06 ~ _hookah_basement_ ~ 8625962616,
2018-10-01 13:08 ~ meme_i_is_ ~ 1819927975,
2018-10-01 13:11 ~ nikemeyes ~ 8632075195,
2018-10-01 13:13 ~ spookybudz ~ 1753462357,
2018-10-01 13:14 ~ razzmatazz_dank ~ 4289238718,
2018-10-01 13:16 ~ fogey420 ~ 2872766483,
2018-10-01 13:17 ~ killakamarnoldmma ~ 7540929789,
2018-10-01 13:19 ~ jupitersmokes_ ~ 3320415853,
2018-10-01 13:24 ~ mamaturayimova16c ~ 8654469281,
2018-10-01 13:25 ~ pretyinpunk1986 ~ 2881299581,
2018-10-01 13:27 ~ meyherineii ~ 7245879481,
2018-10-01 13:28 ~ princessoftheclouds72 ~ 1731534533,
2018-10-01 13:30 ~ canna.burr ~ 8034242764,
2018-10-01 13:31 ~ kellez_69 ~ 553054160,
2018-10-01 13:33 ~ chronickat713 ~ 1226573455,
2018-10-01 13:35 ~ wesmokedit ~ 8163923845,
2018-10-01 14:08 ~ why._.suri ~ 4298006448,
2018-10-01 14:29 ~ misssmokesalot42 ~ 4004342090,
2018-10-01 14:31 ~ cannabis.squad_420 ~ 6047891831,
2018-10-01 14:32 ~ the_official_kelly_k ~ 1586118414,
2018-10-01 14:34 ~ stoned_corpse ~ 2128631916,
2018-10-01 14:35 ~ rey.volt ~ 2114080264,
2018-10-01 15:06 ~ ugurakyalcin ~ 5851035406,
2018-10-01 15:07 ~ cikoarslan87 ~ 8650137163,
2018-10-01 15:09 ~ your_boy_2o17 ~ 1935715599,
2018-10-01 17:06 ~ istanasangkutshisha ~ 8584887872,
2018-10-01 17:07 ~ shishakinghtx ~ 8467525330,
2018-10-01 17:09 ~ zedoarguile ~ 8564105205,
2018-10-01 17:10 ~ ibo__unal ~ 3280913325,
2018-10-01 17:12 ~ el_sahara_official_tirana ~ 2798915403,
2018-10-01 17:40 ~ metze_r6 ~ 6891543704,
2018-10-01 17:43 ~ chachi_0707 ~ 5423572193,
2018-10-01 17:44 ~ happy.plant.weed ~ 8585637809,
2018-10-01 17:46 ~ skunkandsour ~ 6540025147,
2018-10-01 18:20 ~ pot_slime1326 ~ 8019091320,
2018-10-01 18:22 ~ rachelz_corner ~ 492364797,
2018-10-01 18:23 ~ faded_mama ~ 184258302,
2018-10-01 18:25 ~ uk710wales ~ 8464231405,
2018-10-01 18:26 ~ anita_dropnshop12 ~ 8921901264,
2018-10-01 19:08 ~ cannabiscultureofficial ~ 8635182471,
2018-10-01 19:10 ~ webeeatin420 ~ 8953213174,
2018-10-01 19:11 ~ know_your_fucking_enemy ~ 5493936977,
2018-10-01 19:14 ~ medicated.vibes024 ~ 8079738699,
2018-10-01 19:15 ~ mindsketchin ~ 1322162400,
2018-10-01 19:17 ~ the_dandy_dabber ~ 2899454152,
2018-10-01 20:55 ~ grow_with_leds ~ 7847860548,
2018-10-01 20:58 ~ b0nni3_spark0 ~ 8154342062,
2018-10-02 09:07 ~ iguanablanes_ ~ 8582660451,
2018-10-02 09:09 ~ ganjawithyou ~ 8656121688,
2018-10-02 09:11 ~ workflowstatus ~ 3443649800,
2018-10-02 09:15 ~ rezin_mestizo ~ 1986431347,
2018-10-02 09:16 ~ bembelgrower069 ~ 8576411080,
2018-10-02 09:18 ~ lee_scort ~ 6479091013,
2018-10-02 09:19 ~ wild.cannabis ~ 8651463023,
2018-10-02 09:21 ~ wakeupandbakeup__ ~ 3169488801,
2018-10-02 09:23 ~ budlocks ~ 1456622801,
2018-10-02 09:25 ~ sugen_pillay1 ~ 1233925724,
2018-10-02 09:27 ~ antiteesi ~ 3698307951,
2018-10-02 09:28 ~ bestbudsfarm207 ~ 4273138826,
2018-10-02 09:30 ~ dazarabiasmoke ~ 8505474516,
2018-10-02 09:32 ~ seninaomi ~ 4724562039,
2018-10-02 09:34 ~ all_bud ~ 1090300116,
2018-10-02 09:35 ~ aktau_janymsol_hookah ~ 7928702720,
2018-10-02 09:37 ~ lethy_mermaid ~ 8142581020,
2018-10-02 09:41 ~ 5ive1ne9ine_ ~ 6537172615,
2018-10-02 09:43 ~ hongski_ ~ 5960871955,
2018-10-02 10:56 ~ mothership_glass.fans ~ 8645795022,
2018-10-02 11:16 ~ seshyjesse ~ 8975980284,
2018-10-02 11:17 ~ cannaisseurmx ~ 8549480084,
2018-10-02 11:20 ~ leafponapp ~ 5847681223,
2018-10-02 11:22 ~ the_monster277 ~ 3047908105,
2018-10-02 11:23 ~ tripartvisor.official ~ 8633195299,
2018-10-02 11:25 ~ garyapah ~ 8624816308,
2018-10-02 11:26 ~ backwoods_adk710 ~ 5622973470,
2018-10-02 11:28 ~ learn_your_strain ~ 8636728733,
2018-10-02 11:29 ~ mrs_cuttings ~ 8475830712,
2018-10-02 11:31 ~ growerfarm ~ 8895284977,
2018-10-02 11:34 ~ pro420scissors ~ 6903443205,
2018-10-02 11:35 ~ _twosmokesletsgrow ~ 7995025014,
2018-10-02 11:37 ~ onlyganja ~ 8559832439,
2018-10-02 11:39 ~ sedusexx_x ~ 8631758981,
2018-10-02 11:40 ~ spursbroken ~ 2340687148,
2018-10-02 12:05 ~ bing_glass ~ 1770085002,
2018-10-02 12:07 ~ wearesolventless ~ 7399144143,
2018-10-02 12:08 ~ gorgeousnugs ~ 1570148050,
2018-10-02 12:10 ~ therealmbake ~ 7329046899,
2018-10-02 12:14 ~ ladyweedy ~ 2874046542,
2018-10-02 12:15 ~ berealer_m3 ~ 5739896325,
2018-10-02 12:16 ~ weedblessings ~ 8981196079,
2018-10-02 12:18 ~ fourtwentiblaze ~ 8429478005,
2018-10-02 12:21 ~ xxbethany.mariexx ~ 1094237678,
2018-10-02 12:22 ~ seba_azzolini ~ 4768774215,
2018-10-02 12:24 ~ budbrothers_ ~ 8560677772,
2018-10-02 12:25 ~ frequencymobb ~ 8653376120,
2018-10-02 12:26 ~ mmmfilm ~ 1927649563,
2018-10-02 12:28 ~ theiziweed ~ 8650449160,
2018-10-02 12:30 ~ gothboi_shinobi ~ 4361523873,
2018-10-02 13:07 ~ thcpreme.508 ~ 8471660483,
2018-10-02 13:08 ~ dab_marino510 ~ 8400515223,
2018-10-02 13:10 ~ spacetown.space ~ 5840610749,
2018-10-02 13:13 ~ r_a_j_a_s_h_r_i ~ 6946031966,
2018-10-02 13:15 ~ favebabys ~ 6773597701,
2018-10-02 13:16 ~ bohm_eric ~ 7207804596,
2018-10-02 13:18 ~ jan_van_fuck ~ 2220751722,
2018-10-02 13:19 ~ worldofsmokenvape_calleocho ~ 5885712139,
2018-10-02 13:20 ~ skanfie ~ 205900177,
2018-10-02 13:22 ~ hookah_is_dream ~ 8581758780,
2018-10-02 13:24 ~ ranger_cc ~ 6254249332,
2018-10-02 13:27 ~ marcokerchner ~ 315852559,
2018-10-02 13:32 ~ stopwaitnow ~ 1469138399,
2018-10-02 13:34 ~ hookah4lounge ~ 8654931747,
2018-10-02 13:35 ~ odezhda9433 ~ 7380503299,
2018-10-02 13:36 ~ korobka_smoke ~ 4476579595,
2018-10-02 13:40 ~ premium_tobaccoff ~ 6321745437,
2018-10-02 14:12 ~ dimas_sergeevich36 ~ 1571437717,
2018-10-02 14:13 ~ dym_ok__bataysk ~ 8603064206,
2018-10-02 14:15 ~ flashfrozencured ~ 8190745513,
2018-10-02 14:17 ~ arsnic_and_lace ~ 8481133261,
2018-10-02 14:19 ~ cordaroguillaume ~ 6369895016,
2018-10-02 14:20 ~ lesskortov ~ 8364399390,
2018-10-02 14:22 ~ mikimanson ~ 10612092,
2018-10-02 14:24 ~ _fyure ~ 6960350878,
2018-10-02 14:25 ~ weedforlife087 ~ 8660383301,
2018-10-02 14:27 ~ boroaddicted__ ~ 2286777822,
2018-10-02 14:28 ~ bubbarootfarms ~ 8103224426,
2018-10-02 14:30 ~ midzotic ~ 297285699,
2018-10-02 14:32 ~ boro_collector ~ 1279689211,
2018-10-02 14:33 ~ pencil_head_larry ~ 4572403112,
2018-10-02 14:35 ~ johnstonglass ~ 1105321567,
2018-10-02 15:03 ~ thewonderful1s ~ 506870103,
2018-10-02 15:11 ~ ave_travolta ~ 233822450,
2018-10-02 15:13 ~ tchzen ~ 8483215800,
2018-10-02 15:14 ~ drdamage_ ~ 1993938294,
2018-10-02 15:15 ~ el_casper_pjbz ~ 7979188212,
2018-10-02 15:17 ~ strevor420 ~ 3268639922,
2018-10-02 15:18 ~ inc.smoothcriminal ~ 7386193377,
2018-10-02 15:19 ~ ilich_fuckin_orsini ~ 375956454,
2018-10-02 15:21 ~ smoaklandbrand ~ 8250339176,
2018-10-02 15:24 ~ cannabully_group ~ 8477366560,
2018-10-02 15:26 ~ aliens_rx_edomex ~ 8469845212,
2018-10-02 15:27 ~ weed.420.thc ~ 8178130293,
2018-10-02 15:29 ~ kindbot ~ 7387523205,
2018-10-02 15:31 ~ tuesdaynightlivenyc ~ 6832268182,
2018-10-02 15:33 ~ xambra_narguilera ~ 6905593733,
2018-10-02 15:34 ~ bigmo_bbb ~ 263727694,
2018-10-02 15:36 ~ smokedjohny ~ 8578736887,
2018-10-02 15:38 ~ wordupopenmic ~ 2959145974,
2018-10-02 16:20 ~ lairevents ~ 11122183,
2018-10-02 16:22 ~ wixpix369 ~ 8195431294,
2018-10-02 16:24 ~ namastaymolokai ~ 8538051033,
2018-10-02 16:25 ~ tangyglass ~ 240780694,
2018-10-02 16:27 ~ sussexgroove ~ 6320493787,
2018-10-02 16:28 ~ diaryofamodmom ~ 28159826,
2018-10-02 16:30 ~ peacebudz ~ 8327580774,
2018-10-02 16:31 ~ canabitecasp ~ 8584405259,
2018-10-02 16:33 ~ thefourtwenty.life ~ 5695286527,
2018-10-02 16:35 ~ funwithpot ~ 7967631885,
2018-10-02 16:36 ~ curtesy_of_the_wolf ~ 7899642234,
2018-10-02 16:37 ~ niceshotzzprivate ~ 8277527078,
2018-10-02 16:39 ~ blazekitchen ~ 1753233879,
2018-10-02 16:42 ~ the_robertcochranshow ~ 5495615396,
2018-10-02 16:44 ~ 420cannabis.canadian ~ 9033420148,
2018-10-02 16:45 ~ takea_trip_withme ~ 6569278647,
2018-10-02 16:47 ~ stoner_gourme ~ 7718959489,
2018-10-02 16:48 ~ fearsomecottonmouth ~ 5950240461,
2018-10-02 17:17 ~ lontras3friends ~ 6163444417,
2018-10-02 17:18 ~ ashh420 ~ 5432178361,
2018-10-02 17:20 ~ mdcannainsider ~ 8422899800,
2018-10-02 17:22 ~ 420humor420 ~ 1401773769,
2018-10-02 17:23 ~ smokeology.ca ~ 1487176942,
2018-10-02 17:27 ~ weedventory ~ 1456605988,
2018-10-02 17:29 ~ weedyempire ~ 3710695806,
2018-10-02 17:30 ~ mikes420macros ~ 8647293848,
2018-10-02 17:31 ~ thedevilscoffeetable ~ 1337768551,
2018-10-02 17:33 ~ itsblazedtravis ~ 3832989199,
2018-10-02 17:34 ~ rafaelc79 ~ 1531936079,
2018-10-02 17:38 ~ weeds.gram420 ~ 8621421545,
2018-10-02 17:41 ~ iaramarijuana ~ 7860814330,
2018-10-02 17:43 ~ richie_and_maryjane ~ 8564485448,
2018-10-02 17:44 ~ monterocigars1939 ~ 5371872123,
2018-10-02 17:48 ~ optwo13 ~ 239349452,
2018-10-02 17:49 ~ allan.mcmane25 ~ 7210198828,
2018-10-04 12:04 ~ respectmyregion.us ~ 9018972285,
2018-10-04 12:06 ~ weedoofficial ~ 8511720790,
2018-10-04 12:07 ~ 420_discounts ~ 8608302955,
2018-10-04 12:09 ~ _italy_cannabis_club_barcelona ~ 8963645155,
2018-10-04 12:12 ~ myles_steve_420 ~ 6899987887,
2018-10-04 12:16 ~ jointcatania ~ 7193235243,
2018-10-04 12:17 ~ badseed710 ~ 1534013719,
2018-10-04 12:20 ~ nasm86 ~ 1703893422,
2018-10-04 12:21 ~ _khasijokes2_ ~ 6239267862,
2018-10-04 12:23 ~ taniacardozzo_ ~ 8547194377,
2018-10-04 12:24 ~ orthphysio ~ 7649598316,
2018-10-04 12:26 ~ benjimama9113 ~ 273529172,
2018-10-04 12:27 ~ glamorouscannabis ~ 4314155827,
2018-10-04 12:29 ~ lifeonroute420 ~ 8364906437,
2018-10-04 12:30 ~ burystsmoke247 ~ 8445521839,
2018-10-04 12:32 ~ budmother ~ 7333871082,
2018-10-04 12:36 ~ thestonedmuggle ~ 303231295,
2018-10-04 12:39 ~ drew_smokusfocus ~ 8542648465,
2018-10-04 12:41 ~ cosechatusderechos ~ 1062578392,
2018-10-04 12:42 ~ _weed_smoke_420 ~ 8189129961,
2018-10-04 13:07 ~ devils_lettuce_dabs_420 ~ 6291387301,
2018-10-04 13:09 ~ elnumerounobcn ~ 6726510276,
2018-10-04 13:10 ~ growshop2.0 ~ 8616622129,
2018-10-04 13:12 ~ verdeganja420 ~ 8524264989,
2018-10-04 13:14 ~ xhighman ~ 8666554559,
2018-10-04 13:16 ~ zuravarshanidzee ~ 5988419014,
2018-10-04 13:17 ~ k_freak96 ~ 4778161635,
2018-10-04 14:30 ~ virginiecorminboeuf ~ 3127196418,
2018-10-04 14:32 ~ simonchantrait ~ 5369011772,
2018-10-04 14:34 ~ skarbadar ~ 18940617,
2018-10-04 14:35 ~ time.for.weed420 ~ 8591880622,
2018-10-04 14:39 ~ yumyumgoodgoodnicenice ~ 8150898172,
2018-10-04 18:15 ~ laquebranza ~ 7611690045,
2018-10-04 18:18 ~ hemptreez876 ~ 332031302,
2018-10-04 18:19 ~ gordonkush ~ 7682248687,
2018-10-04 18:51 ~ plantgame_bobross ~ 11464991,
2018-10-04 22:16 ~ mojo_brothers ~ 7962736159,
2018-10-04 22:18 ~ milostrations ~ 2219728925,
2018-10-04 22:19 ~ siyahsessizlik7 ~ 7892795344,
2018-10-04 22:21 ~ melodysmokes ~ 8665943132,
2018-10-05 00:17 ~ shamrockcannabis ~ 8660828545,
2018-10-05 00:21 ~ benediktdanninger ~ 320243032,
2018-10-05 00:23 ~ tony_dee_designs ~ 7485895302,
2018-10-05 04:21 ~ dmszje ~ 2994780200,
2018-10-05 04:23 ~ __alcoholic ~ 8658768091,
2018-10-05 04:24 ~ dutch_growers ~ 7736893004,
2018-10-05 08:33 ~ ziggiezllc ~ 1448105971,
2018-10-05 08:36 ~ weed420legaliz ~ 8439476716,
2018-10-05 08:37 ~ baked_to_perfection420 ~ 8599753035,
2018-10-05 08:38 ~ biggnome ~ 8602823118,
2018-10-05 08:40 ~ dr.greenthumb.949 ~ 5586814538,
2018-10-05 08:42 ~ budcityexpress ~ 8514663086,
2018-10-05 08:43 ~ _theloudcloud ~ 3323776761,
2018-10-05 08:46 ~ madmoepics ~ 7291685229,
2018-10-05 08:47 ~ bc.bud.dispensary ~ 8509263312,
2018-10-05 09:21 ~ smoke_connoisseur_ ~ 7859360900,
2018-10-05 09:22 ~ kalyan_baraholka_21 ~ 8393542704,
2018-10-05 09:23 ~ mr_tobacco_jacksonville ~ 8647374935,
2018-10-05 09:26 ~ djpcali ~ 317729096,
2018-10-05 09:27 ~ hookah_loverss ~ 8637959041,
2018-10-05 09:29 ~ atctabacaria ~ 8608228158,
2018-10-05 10:25 ~ thecollectorsentertainment ~ 6974952308,
2018-10-05 10:26 ~ casagrillandbar ~ 7926170842,
2018-10-05 10:29 ~ antiqueandvintagejewerlry ~ 8643484585,
2018-10-05 10:33 ~ blacksidaz ~ 4129928688,
2018-10-05 10:36 ~ theburstmode10 ~ 8620953897,
2018-10-05 10:41 ~ greengirlmaryjane ~ 8312252436,
2018-10-05 10:43 ~ linguagenesis ~ 7914298347,
2018-10-05 13:56 ~ agape_painting ~ 3151033829,
2018-10-05 13:57 ~ zenith_ace_ ~ 8324061613,
2018-10-05 13:59 ~ ladydreambud ~ 8570118935,
2018-10-05 14:01 ~ jdjc1987 ~ 486413992,
2018-10-05 14:04 ~ plantedempire ~ 8544632802,
2018-10-05 14:05 ~ htbadd ~ 8952172518,
2018-10-05 14:07 ~ the_tattooed_skull ~ 6846799438,
2018-10-05 14:08 ~ selectedgenetics ~ 8508319036,
2018-10-05 14:09 ~ dillon21088 ~ 7404184243,
2018-10-05 14:10 ~ tyaga18 ~ 8060122462,
2018-10-05 14:12 ~ daily_doobies ~ 7291307038,
2018-10-05 14:13 ~ dabalina420babe ~ 272551157,
2018-10-05 14:15 ~ weed.m.420 ~ 8668364609,
2018-10-05 14:16 ~ organico_weedshop ~ 8542136617,
2018-10-05 14:20 ~ shishka_kh_nd ~ 6040930739,
2018-10-05 14:22 ~ blatosphera_lounge_bar ~ 6522451534,
2018-10-05 14:23 ~ garchi1 ~ 1720142765,
2018-10-05 14:25 ~ jaltashop ~ 5442475003,
2018-10-05 14:26 ~ tavernaloungebar ~ 8563011782,
2018-10-05 14:27 ~ loungeblackberry ~ 6107236946,
2018-10-05 14:29 ~ el_barrio_food ~ 8073954250,
2018-10-05 14:30 ~ anapa_chicago_hookah ~ 5906620551,
2018-10-05 14:32 ~ lounge_zone_39 ~ 7506625764,
2018-10-05 14:36 ~ dm_compassion_center ~ 6918555207,
2018-10-05 14:38 ~ livitygrow ~ 7963511501,
2018-10-05 14:39 ~ thereal_davidbanda ~ 178116244,
2018-10-05 14:41 ~ kryptic ~ 1805244,
2018-10-05 14:43 ~ lady_ironlung ~ 220542018,
2018-10-05 14:44 ~ ajnatureswonder420 ~ 8537097627,
2018-10-05 15:05 ~ barcelona_social_cannabis_club ~ 8988485084,
2018-10-05 15:08 ~ straightgasnj ~ 8291614662,
2018-10-05 15:09 ~ biocellfoodsolutions ~ 5719722216,
2018-10-05 15:11 ~ the_daily_knockout_3 ~ 8669670331,
2018-10-05 15:12 ~ emoczo76 ~ 8340630577,
2018-10-05 15:15 ~ kurtart._ ~ 2971132364,
2018-10-05 15:17 ~ borie09 ~ 222123530,
2018-10-05 15:18 ~ 5dank5sinatra9 ~ 5033949373,
2018-10-05 15:19 ~ kana.dagar ~ 8387435547,
2018-10-05 15:21 ~ greentowergardens ~ 5468590702,
2018-10-05 15:23 ~ weed.princesses ~ 8644618986,
2018-10-05 15:25 ~ nsd420 ~ 2908539741,
2018-10-05 15:27 ~ destinweed1122 ~ 8567788697,
2018-10-05 15:28 ~ sharelove420 ~ 4135379366,
2018-10-05 15:30 ~ thehousecandythc ~ 8530430332,
2018-10-05 15:38 ~ the_cannabis_dog ~ 8405400130,
2018-10-05 15:39 ~ mynameisearl710 ~ 1962155591,
2018-10-05 16:02 ~ dabsmcgee_710 ~ 1723535144,
2018-10-05 16:03 ~ trippy_haze.420 ~ 8045486162,
2018-10-05 16:07 ~ obsessiweed420 ~ 8624029805,
2018-10-05 16:11 ~ tompaulmac ~ 7579180550,
2018-10-05 16:16 ~ skeejus ~ 7618835684,
2018-10-05 16:17 ~ nairabet.com_08105034825 ~ 8959340801,
2018-10-05 16:22 ~ jwhistle ~ 27168450,
2018-10-05 16:24 ~ m_valley ~ 8213666379,
2018-10-05 17:00 ~ agrobabylon ~ 7945785564,
2018-10-05 17:02 ~ felipe.arrais77 ~ 1430352907,
2018-10-05 17:04 ~ budpastoralemao ~ 8322094844,
2018-10-05 19:59 ~ enemyofthem ~ 4305254398,
2018-10-05 20:00 ~ moose155 ~ 6445336141,
2018-10-05 20:02 ~ theatticnewyork ~ 2106635672,
2018-10-05 20:04 ~ __itsallpretendtho__ ~ 4254521233,
2018-10-05 20:05 ~ golbazi__ ~ 8632973452,
2018-10-05 22:28 ~ ketoprincess420 ~ 8107697716,
2018-10-05 22:29 ~ drei_mal_vier ~ 8954604461,
2018-10-05 22:32 ~ ashley_k_merch ~ 8519780511,
2018-10-05 22:34 ~ carexuslifedispensary ~ 8647501254,
2018-10-05 22:36 ~ boston_420 ~ 368998662,
2018-10-05 22:38 ~ thickkchrist ~ 7170216529,
2018-10-05 22:39 ~ washconorml ~ 4002164291,
2018-10-05 22:42 ~ gashousevapours ~ 8011056369,
2018-10-05 23:18 ~ indicagrow420 ~ 36908895,
2018-10-05 23:19 ~ captain_packs ~ 8566734755,
2018-10-05 23:22 ~ marijuanasllife ~ 8447921219,
2018-10-05 23:57 ~ david_car_sicily ~ 1628119629,
2018-10-05 23:58 ~ official.nongkronggarasi ~ 4865261352,
2018-10-05 23:59 ~ dreamhookahri ~ 6113923456,
2018-10-06 00:01 ~ topflighthookah ~ 4787686939,
2018-10-06 01:53 ~ shishabarkemang ~ 4803933053,
2018-10-06 01:55 ~ forrestmansion ~ 8888524769,
2018-10-06 01:56 ~ dunya.dandenong ~ 6752595908,
2018-10-06 01:58 ~ riverbankcannabis ~ 7219142839,
2018-10-06 06:00 ~ lazy_stay_hazy ~ 8577115,
2018-10-06 06:01 ~ pnwautogrower ~ 7522955837,
2018-10-06 07:57 ~ the_cloudery ~ 4145717011,
2018-10-06 08:00 ~ mamamerasmedibles ~ 4705655862,
2018-10-06 08:01 ~ suburbanspeedball ~ 11393756,
2018-10-06 09:56 ~ stsin191 ~ 1155242970,
2018-10-06 09:57 ~ tokeydopey ~ 6073436515,
2018-10-06 09:59 ~ jamessultan930 ~ 8525263696,
2018-10-06 10:01 ~ smoholics ~ 8615166171,
2018-10-06 10:02 ~ thc_cones ~ 5724907370,
2018-10-06 11:30 ~ hempseedhippie ~ 3676873318,
2018-10-06 11:44 ~ adneyfrank ~ 8568665037,
2018-10-06 11:49 ~ ohhellyeahbitch_ ~ 6888356779,
2018-10-06 11:55 ~ legalleafllc ~ 7452029834,
2018-10-09 14:19 ~ dabapparels ~ 7197693412,
2018-10-09 14:20 ~ eirbud.irl ~ 8629773800,
2018-10-09 14:23 ~ budblaster ~ 5554125131,
2018-10-09 14:27 ~ caffeine_ovrdse_ ~ 1571674611,
2018-10-09 14:28 ~ alpha_cannabis_entertainment ~ 2888237561,
2018-10-09 14:31 ~ chinese_foodie ~ 402297877,
2018-10-09 14:33 ~ kiffer_.bilder_ ~ 8657248788,
2018-10-09 14:35 ~ fotobraso ~ 8299635662,
2018-10-09 14:36 ~ bentleyvapors ~ 1432102841,
2018-10-09 14:37 ~ stonerethnicity ~ 8925109382,
2018-10-09 14:39 ~ rickdeladimension420 ~ 8593287138,
2018-10-09 14:40 ~ wiredongreen ~ 1662230425,
2018-10-09 14:42 ~ weed.ballert ~ 7419462562,
2018-10-09 14:43 ~ lastfreecreature ~ 8288564362,
2018-10-09 15:04 ~ jose_paredes19 ~ 1558843632,
2018-10-09 15:06 ~ cosmicvibeofficial ~ 7742154555,
2018-10-09 15:08 ~ goddesskaee1111 ~ 3869442578,
2018-10-09 15:09 ~ jamesronzs ~ 8642713578,
2018-10-09 15:15 ~ azura_haze ~ 257167597,
2018-10-09 15:16 ~ muertotuerto ~ 8583478747,
2018-10-09 15:20 ~ sergiosilvercoz ~ 257188725,
2018-10-09 15:23 ~ cannabizzyy ~ 8590401926,
2018-10-09 15:25 ~ greenweeds4daze ~ 8251051849,
2018-10-09 15:30 ~ cashs_life ~ 6826322739,
2018-10-09 15:37 ~ m_polczynski ~ 3867252754,
2018-10-09 16:07 ~ cannabinoid_710 ~ 2883532151,
2018-10-09 16:09 ~ mrchong.uk ~ 8343747458,
2018-10-09 16:18 ~ jenkins_willard ~ 5666017299,
2018-10-09 16:22 ~ bksstraintrain ~ 6848163378,
2018-10-09 16:24 ~ freeshmokes ~ 5766640302,
2018-10-09 16:25 ~ dysfunctional_foxx ~ 7756931179,
2018-10-09 16:30 ~ nirvana_state_of_mind_1 ~ 2045916683,
2018-10-09 16:32 ~ bittersweetsnow17 ~ 8417345574,
2018-10-09 16:34 ~ the_avery_show ~ 207078742,
2018-10-09 16:36 ~ vermontgrowcoaching ~ 8253814359,
2018-10-09 16:37 ~ doeoftime ~ 8062430542,
2018-10-09 16:40 ~ dabswithderick ~ 6648985035,
2018-10-09 16:41 ~ mindbodyhealthcbd ~ 8655293288,
2018-10-10 11:56 ~ roll.hero ~ 7089822024,
2018-10-10 11:57 ~ spainweeds ~ 7135161878,
2018-10-10 11:58 ~ exoticcartridge2018 ~ 8682972486,
2018-10-10 12:00 ~ 420caliweedfarm23 ~ 8480207987,
2018-10-10 12:01 ~ nugglitrep ~ 8452570117,
2018-10-10 12:03 ~ thebrogamerx11 ~ 3496940136,
2018-10-10 12:04 ~ dwize_420 ~ 1441712238,
2018-10-10 12:06 ~ gee486 ~ 298894181,
2018-10-10 12:11 ~ sparo74 ~ 8943813452,
2018-10-10 12:12 ~ miasorellaefatta ~ 8679005965,
2018-10-10 12:14 ~ magikcity30 ~ 8177853275,
2018-10-10 12:15 ~ weedo_maximus ~ 8321910744,
2018-10-10 18:21 ~ francisjudegg ~ 8603794658,
2018-10-10 21:45 ~ ltd004 ~ 8586367869,
2018-10-10 21:47 ~ cush.i.kushanti ~ 244360328,
2018-10-10 21:48 ~ hiddenleaf_sd ~ 8628196253,
2018-10-10 21:49 ~ upanrisingoffthetop ~ 8533353806,
2018-10-10 21:56 ~ crimsonghost08 ~ 2014972471,
2018-10-10 22:00 ~ thedankmemesgod ~ 5755211117,
2018-10-10 22:01 ~ omega00f ~ 8985357201,
2018-10-11 12:35 ~ cbd_vape_cartridges01 ~ 8496734139,
2018-10-12 06:23 ~ greentrees105 ~ 5361616974,
2018-10-12 14:10 ~ marijuana_fantasy ~ 6649481557,
2018-10-12 14:11 ~ kmerra87 ~ 8530289981,
2018-10-12 14:13 ~ txstuffandthings ~ 8360449424,
2018-10-12 14:14 ~ hempoilworx ~ 8667619300,
2018-10-12 14:15 ~ loveweedhatesnakes ~ 8445232467,
2018-10-12 14:19 ~ 420.unicorn ~ 6821955877,
2018-10-12 14:22 ~ conkidd_nmest ~ 1489897616,
2018-10-12 14:24 ~ swissqueencbd ~ 6944357798,
2018-10-12 14:25 ~ elcarnavaljujuy ~ 5570449800,
2018-10-12 14:27 ~ soundandsmokerings ~ 7136938509,
2018-10-12 14:28 ~ 5toned_heart ~ 2096610091,
2018-10-12 14:30 ~ lascholassinvarrio ~ 8473210844,
2018-10-12 14:32 ~ borcheltrobbie ~ 5579817924,
2018-10-12 14:34 ~ jessijay.az ~ 3172870170,
